{"Mean Squared Error": 0.7010521348449893, "R2 Score": 0.34500028091586354}